value,n
NA,804037
www.facebook.com,6914
www.youtube.com,2087
www.google.com,1622
patch.com,1480
qwiket.com,1430
www.theblaze.com,693
orbusinessdaily.com,515
ctbusinessdaily.com,512
nhbusinessdaily.com,510
nmbusinessdaily.com,510
mainebusinessdaily.com,504
vtbusinessdaily.com,504
idbusinessdaily.com,502
wabusinessdaily.com,500
iabusinessdaily.com,499
vabusinessdaily.com,498
albusinessdaily.com,496
mdbusinessdaily.com,496
okbusinessdaily.com,496
mobusinessdaily.com,495
mnbusinessdaily.com,494
ohbusinessdaily.com,485
indianabusinessdaily.com,477
flbusinessdaily.com,476
gabusinessdaily.com,476
wibusinessdaily.com,476
ksbusinessdaily.com,475
labusinessdaily.com,472
nybusinessdaily.com,471
ncbusinessdaily.com,470
tnbusinessdaily.com,469
mabusinessdaily.com,468
txbusinessdaily.com,460
cabusinessdaily.com,454
ribusinessdaily.com,452
mibusinessdaily.com,451
www.dailywire.com,451
naturalstatebusinessnews.com,438
utbusinessdaily.com,412
www.breitbart.com,386
akbusinessdaily.com,385
azbusinessdaily.com,360
www.newsbreak.com,360
nvbusinessdaily.com,334
msbusinessdaily.com,332
freedomist.com,286
hibusinessdaily.com,278
www.theepochtimes.com,261
debusinessdaily.com,255
nebraskabusinessdaily.com,252
ndbusinessdaily.com,251
canadafreepress.com,228
www.nbcnews.com,217
www.msnbc.com,203
mtbusinessdaily.com,200
thewillcountynews.com,189
tennesseestar.com,159
www.conservativedailynews.com,154
carbondalereporter.com,148
www.businessinsider.com,144
wybusinessdaily.com,139
thehill.com,135
swnewmexiconews.com,131
greenvillereporter.com,130
sdbusinessdaily.com,130
pinehursttoday.com,128
winstonsalemtimes.com,124
thefederalist.com,121
westwakenews.com,119
www.npr.org,118
gellerreport.com,114
independentchronicle.com,109
ricochet.com,107
www.dailysignal.com,106
www.wsj.com,104
americanmilitarynews.com,101
nypost.com,101
www.dailymail.co.uk,101
www.judicialwatch.org,97
sandovalnews.com,90
hickorysun.com,87
www.washingtonpost.com,87
ibxnews.com,86
ncunionnews.com,84
www.foxnews.com,83
www.cnn.com,82
santafestandard.com,81
rumble.com,77
talkradio1059.iheart.com,75
www.huffpost.com,73
floridianpress.com,72
truepundit.com,72
wercfm.iheart.com,70
grundyreporter.com,69
www.iheart.com,69
dekalbtimes.com,68
flourishingfeeds.com,67
720thevoice.iheart.com,66
dcbusinessdaily.com,65
1019bigwaax.iheart.com,64
790waeb.iheart.com,64
www.insider.com,63
960weli.iheart.com,62
maiscursosgratuitos.com.br,62
myemail.constantcontact.com,62
www.nytimes.com,61
newstalkwkmq.iheart.com,59
theminnesotasun.com,58
amgreatness.com,57
www.christianpost.com,57
www.podbean.com,57
1190kex.iheart.com,56
blackamericaweb.com,56
www.brunoticias.com,55
www.mlive.com,55
americaisgood.us,54
georgiastarnews.com,54
wflaorlando.iheart.com,54
gastoniatimes.com,53
thevirginiastar.com,53
readcultured.com,52
wilm.iheart.com,52
powertalk1460.iheart.com,51
talk1200boston.iheart.com,51
thelibertyloft.com,51
www.al.com,51
www.msn.com,51
www.sltrib.com,51
1340wraw.iheart.com,50
nationalcenter.org,50
whp580.iheart.com,50
www.aim.org,50
docs.google.com,49
newsradio1290wtks.iheart.com,49
theohiostar.com,49
wdov.iheart.com,49
crooksandliars.com,48
freedom937.iheart.com,48
knrs.iheart.com,48
m.tiktok.com,48
newsradio710.iheart.com,48
ktsmradio.iheart.com,47
powertalk967.iheart.com,47
brunoticias.com,46
newstalk1049.iheart.com,46
seattlecitywire.com,46
www.houstonchronicle.com,46
www.rebelnews.com,46
greensbororeporter.com,45
northiredellnews.com,45
powertalk1360.iheart.com,45
wvoc.iheart.com,45
highcountrytimes.com,44
nenewmexiconews.com,44
nepiedmontnews.com,44
ijr.com,43
outerbankstimes.com,43
rockymounttoday.com,43
southabqnews.com,43
spectator.org,43
www.usatoday.com,43
newsradiowkcy.iheart.com,42
southashevillenews.com,42
southtrianglenews.com,42
www.orlandosentinel.com,42
www.patheos.com,42
www.pbs.org,42
themichiganstar.com,41
www.theatlantic.com,41
tour.corelistingmachine.com,40
www.thefirsttv.com,40
perilofafrica.com,39
southraleighnews.com,39
www.wbap.com,39
showmeinstitute.org,38
www.newsobserver.com,38
943wsc.iheart.com,37
klvi.iheart.com,37
slate.com,37
wbex.iheart.com,37
wjdx.iheart.com,37
khvhradio.iheart.com,36
news.yahoo.com,36
omny.fm,36
www.inforum.com,36
www.militarytimes.com,36
www.billoreilly.com,35
www.nas.org,35
www.newsmax.com,35
www.newyorker.com,35
www.ocpathink.org,35
www.tennessean.com,35
wgiram.iheart.com,34
wtam.iheart.com,34
www.theroot.com,34
1450wkip.iheart.com,33
abcnews.go.com,33
newsradio910wltp.iheart.com,33
thebfd.co.nz,33
wmanfm.iheart.com,33
wonw1280.iheart.com,33
1150wima.iheart.com,32
www.jns.org,32
www.thedailybeast.com,32
newstalk1230.iheart.com,31
baptistnews.com,30
newsradio967.iheart.com,30
www.dailykos.com,30
www.washingtonexaminer.com,30
1360kktx.iheart.com,29
650keni.iheart.com,29
justthenews.com,29
northplattepost.com,29
thepostmillennial.com,29
torino.corriere.it,29
www.lastampa.it,29
www.star-telegram.com,29
www.vice.com,29
fordhaminstitute.org,28
v?https,28
www.c-span.org,28
www.vox.com,28
acteurs.tourismebretagne.bzh,27
www.ansa.it,27
www.idahostatesman.com,27
www.politico.com,27
www.eventbrite.com,26
www.thenewstribune.com,26
blavity.com,25
live.mystreamplayer.com,25
www.academia.org,25
www.cbsnews.com,25
www.charlotteobserver.com,25
www.heraldsun.com,25
www.insidehighered.com,25
www.kansascity.com,25
y.hpfy.me,25
conservativebrief.com,24
www.medscape.com,24
www.newsnovara.it,24
www.wibc.com,24
globalnews.ca,23
tennesseeconservativenews.com,23
thepatriotgazette.com,23
trib.al,23
wham1180.iheart.com,23
www.blackagendareport.com,23
www.frc.org,23
www.iwf.org,23
www.newsbiella.it,23
www.politicususa.com,23
www.vanityfair.com,23
americanindependent.com,22
lawliberty.org,22
newsone.com,22
nwnewmexiconews.com,22
thetexan.news,22
twitter.com,22
www.crtct.org,22
www.louderwithcrowder.com,22
www.portailsudmaroc.com,22
www.rt.com,22
www.targatocn.it,22
1440wgig.iheart.com,21
campusreform.org,21
www.990wbob.com,21
www.baptiststandard.com,21
www.bigcountryhomepage.com,21
www.campusreform.org,21
www.city-journal.org,21
www.courant.com,21
www.opiniatimisoarei.ro,21
www.spreaker.com,21
www.texastribune.org,21
www1.cbn.com,21
kfor.com,20
legalinsurrection.com,20
thegrio.com,20
www.arklatexhomepage.com,20
www.baltimoresun.com,20
www.countrysiderestorationtrust.com,20
www.postbulletin.com,20
ktrh.iheart.com,19
podcasts.apple.com,19
wflafm.iheart.com,19
www.cleveland.com,19
www.dailytelegraph.com.au,19
www.jsonline.com,19
www.ksnt.com,19
www.tampabay.com,19
www.valledaostaglocal.it,19
educationpost.org,18
kfyi.iheart.com,18
kprcradio.iheart.com,18
notisia365.com,18
www.alternet.org,18
www.economist.com,18
www.independent.org,18
www.newsweek.com,18
www.smirkingchimp.com,18
www.sunrisemedical.com,18
927theblock.com,17
secure.winred.com,17
selfreliancecentral.com,17
www.cbs17.com,17
www.theamericanconservative.com,17
zhiphopcleveland.com,17
apply.bosloker.com,16
dupagepolicyjournal.com,16
mdrnrepublican.com,16
newcriterion.com,16
www.24ovest.it,16
www.bet.com,16
www.dailylocal.com,16
www.grandforksherald.com,16
www.theaustralian.com.au,16
www.wnct.com,16
www.wtvy.com,16
afr.net,15
conservatively.com,15
kysdc.com,15
level.medium.com,15
nymag.com,15
rsci.app.link,15
soundcloud.com,15
thecannononline.com,15
wbznewsradio.iheart.com,15
wethepeopleconvention.org,15
www.desmoinesregister.com,15
www.esquire.com,15
www.lavocedialba.it,15
www.milanofinanza.it,15
apnews.com,14
hillreporter.com,14
madison.com,14
newsradio540.iheart.com,14
wiod.iheart.com,14
www.detroitnews.com,14
www.expressnews.com,14
www.forbes.com,14
www.greenwichtime.com,14
www.inquirer.com,14
www.jamestownsun.com,14
www.ketk.com,14
www.koco.com,14
www.kxan.com,14
www.lifesitenews.com,14
www.myhighplains.com,14
www.nationalreview.com,14
www.theguardian.com,14
america.awm.com,13
eagleslant.com,13
elamerican.com,13
fivethirtyeight.com,13
hot963.com,13
hwcdn.libsyn.com,13
knst.iheart.com,13
religionnews.com,13
spectrumlocalnews.com,13
theconversation.com,13
us02web.zoom.us,13
www.breakingchristiannews.com,13
www.carolinajournal.com,13
www.change.org,13
www.commercialappeal.com,13
www.denverpost.com,13
www.edweek.org,13
www.mindingthecampus.org,13
www.newsnationnow.com,13
www.pottsmerc.com,13
www.reporterherald.com,13
www.tpr.org,13
www.washingtontimes.com,13
www.wfla.com,13
brigittegabriel.com,12
fox2now.com,12
montanatalks.com,12
newstalk1130.iheart.com,12
www.dnj.com,12
www.everythinglubbock.com,12
www.knoxnews.com,12
www.latimes.com,12
www.motherjones.com,12
www.nwahomepage.com,12
www.washingtonpolicy.org,12
www.wctrib.com,12
www.wisconsinrightnow.com,12
curepolicy.org,11
jamanetwork.com,11
newsradio1410.iheart.com,11
nsjonline.com,11
peoplerpeople.website,11
pulse.ncpolicywatch.org,11
www.aljazeera.com,11
www.alreporter.com,11
www.bbc.co.uk,11
www.capitalgazette.com,11
www.christianitytoday.com,11
www.chron.com,11
www.dispatch.com,11
www.echopress.com,11
www.ifamnews.com,11
www.indystar.com,11
www.jacksonsun.com,11
www.kxnet.com,11
www.ossolanews.it,11
www.texaspolicy.com,11
www.thegatewaypundit.com,11
americaisgood.wpengine.com,10
gop.com,10
hechingerreport.org,10
journalstar.com,10
medium.com,10
myfox8.com,10
newschannel9.com,10
potomaclocal.com,10
spectrumnews1.com,10
time.com,10
video.foxnews.com,10
woldcnews.com,10
www.abc27.com,10
www.bloomberg.com,10
www.brainerddispatch.com,10
www.drjamesdobson.org,10
www.fondazionecrt.it,10
www.kivitv.com,10
www.lanazione.it,10
www.ncpolicywatch.com,10
www.patriotsgazette.com,10
www.ptnewsnetwork.com,10
www.sanluisobispo.com,10
www.thedickinsonpress.com,10
www.theleafchronicle.com,10
www.westernjournal.com,10
www.wtoc.com,10
anchor.fm,9
babylonbee.com,9
blnnews.com,9
chicagocitywire.com,9
christianaction.org,9
communityimpact.com,9
dialogosdosul.operamundi.uol.com.br,9
dianeravitch.net,9
ecomnews.fr,9
freebeacon.com,9
infocamp.cat,9
massgop.com,9
mediatours.ca,9
newsradiori.iheart.com,9
reason.com,9
secured.leadershipinstitute.org,9
townhall.com,9
wccfradio.iheart.com,9
www.blackenterprise.com,9
www.bridgemi.com,9
www.chicagotribune.com,9
www.kansas.com,9
www.kentucky.com,9
www.keranews.org,9
www.kxxv.com,9
www.miamiherald.com,9
www.montgomeryadvertiser.com,9
www.nhregister.com,9
www.nurse24.it,9
www.ourquadcities.com,9
www.stopk12indoctrination.org,9
www.suttonrealty.com,9
www.terrifenelon.com,9
www.wfxrtv.com,9
www.winknews.com,9
www.wrbl.com,9
9jabreed.com,8
blackcommunitynews.com,8
catholicvote.org,8
christiannews.net,8
drive.google.com,8
edtrust.org,8
equalopportunitytoday.com,8
fayettevilletoday.com,8
hbg100.com,8
johnstonreporter.com,8
journalistsresource.org,8
lakotalaw.org,8
madison365.com,8
mymajicdc.com,8
newstalk955.com,8
newswithviews.com,8
rsbnetwork.com,8
saveourschools.com,8
sojo.net,8
thenewamerican.com,8
washcodems.org,8
wtlcfm.com,8
www.bostonglobe.com,8
www.courier-journal.com,8
www.federaltimes.com,8
www.firstcoastnews.com,8
www.ksdk.com,8
www.ksn.com,8
www.libertyroundtable.com,8
www.middletownpress.com,8
www.nydailynews.com,8
www.politifact.com,8
www.racesport.nl,8
www.rawstory.com,8
www.realclearpolitics.com,8
www.snopes.com,8
www.stamfordadvocate.com,8
www.statesman.com,8
www.tcpalm.com,8
www.twitch.tv,8
www.wavy.com,8
www.wbtw.com,8
www.wdtn.com,8
www.wjhl.com,8
www.wjtv.com,8
www.wsav.com,8
www.wtol.com,8
www.wxhc.com,8
www.yahoo.com,8
www.yourbasin.com,8
127.0.0.1,7
970kfbx.iheart.com,7
arcdigital.media,7
balleralert.com,7
blog.portailsudmaroc.com,7
christopherrufo.com,7
colsoncenter.libsyn.com,7
dailycaller.com,7
enemieswithinthechurch.com,7
events.in.gov,7
freerepublic.com,7
g3min.org,7
go.tiffinohio.net,7
greenwichfreepress.com,7
lidblog.com,7
mississippitoday.org,7
news.hamlethub.com,7
nzconservativecoalition.org.nz,7
pasreport.libsyn.com,7
praiseindy.com,7
redstate.com,7
spacecoastdaily.com,7
thebeatdfw.com,7
theriver1059.iheart.com,7
thescoop.us,7
viitorulilfovean.ro,7
wset.com,7
www.accessdata.fda.gov,7
www.americanthinker.com,7
www.argusleader.com,7
www.bemidjipioneer.com,7
www.brookings.edu,7
www.cato.org,7
www.cenlanow.com,7
www.commondreams.org,7
www.ctpost.com,7
www.dailydot.com,7
www.elephantjournal.com,7
www.fox46.com,7
www.foxbusiness.com,7
www.heritage.org,7
www.michiganradio.org,7
www.milwaukeeindependent.com,7
www.nationalmortgagenews.com,7
www.nbcbayarea.com,7
www.nbcconnecticut.com,7
www.nbcdfw.com,7
www.nchousegop.com,7
www.seehafernews.com,7
www.texomashomepage.com,7
www.thereporteronline.com,7
www.toddstarnes.com,7
www.wyofile.com,7
1000churches.org,6
945wfla.iheart.com,6
95wxtk.iheart.com,6
amac.us,6
books.google.com,6
consultqd.clevelandclinic.org,6
cw33.com,6
frenchpress.thedispatch.com,6
fwact.org,6
ifapray.org,6
iowaclimate.org,6
kakao.im,6
kste.iheart.com,6
lakecountygazette.com,6
littlethings.com,6
missiledefenseadvocacy.org,6
mynorthwest.com,6
newrightnetwork.com,6
newsalite.com,6
newstalk1400online.iheart.com,6
northcooknews.com,6
notizie.provincia.cuneo.gov.it,6
oregoncatalyst.com,6
panhandlepost.com,6
pjmedia.com,6
popular.info,6
rapzilla.com,6
senorthcarolinanews.com,6
texaspolitics.com,6
thedailyblog.co.nz,6
theweek.com,6
triblive.com,6
uncoverdc.com,6
wgno.com,6
whyy.org,6
wiznation.com,6
wmmbam.iheart.com,6
www.aapf.org,6
www.axios.com,6
www.baltimorejewishlife.com,6
www.blacklistednews.com,6
www.commentarymagazine.com,6
www.conchovalleyhomepage.com,6
www.dallasobserver.com,6
www.grugliasco24.it,6
www.hattiesburgamerican.com,6
www.heraldextra.com,6
www.htrnews.com,6
www.ilgiornaledellaprotezionecivile.it,6
www.illinoisnewsnow.com,6
www.israelunwired.com,6
www.izquierdadiario.es,6
www.kqed.org,6
www.kuer.org,6
www.ltgov.texas.gov,6
www.nbc4i.com,6
www.nfrw.org,6
www.nickadamsusa.com,6
www.parkrapidsenterprise.com,6
www.pcgamer.com,6
www.periodicodaily.com,6
www.rasmussenreports.com,6
www.readingeagle.com,6
www.registercitizen.com,6
www.repubblica.it,6
www.rightwingwatch.org,6
www.siouxlandproud.com,6
www.standingforfreedom.com,6
www.sun-sentinel.com,6
www.sunherald.com,6
www.sunrisemedical.it,6
www.the74million.org,6
www.thecut.com,6
www.thefire.org,6
www.theinclusionsolution.me,6
www.themix.net,6
www.thenation.com,6
www.to10.gr,6
www.tri-cityherald.com,6
www.wfae.org,6
www.wisn.com,6
www.wlns.com,6
www.zerohedge.com,6
wzakcleveland.com,6
1061fmtalk.iheart.com,5
600kcol.iheart.com,5
945wpti.iheart.com,5
afro.com,5
breakpoint.org,5
brigittegabriel.locals.com,5
cnsnews.com,5
dmooneyllc.com,5
gravityleadership.com,5
hospitality-on.com,5
joycolumbus.com,5
mailchi.mp,5
my.peoplerpeople.website,5
news.stlpublicradio.org,5
newstalkcleveland.com,5
nonprofitquarterly.org,5
noqreport.com,5
onlinelibrary.wiley.com,5
p2a.co,5
praisecleveland.com,5
shopee.vn,5
stream.org,5
thebeatnewhaven.iheart.com,5
thebuzzcincy.com,5
therightview.com,5
uni4m.org,5
wflanews.iheart.com,5
whnt.com,5
willcountygazette.com,5
wolbbaltimore.com,5
wpde.com,5
www.aachener-zeitung.de,5
www.abajournal.com,5
www.americanbar.org,5
www.audacy.com,5
www.azcentral.com,5
www.bizpacreview.com,5
www.bradenton.com,5
www.cbs42.com,5
www.chalkbeat.org,5
www.clarionledger.com,5
www.columbiamissourian.com,5
www.commentary.org,5
www.concursosnobrasil.com.br,5
www.counterpunch.org,5
www.delawareonline.com,5
www.discovery.org,5
www.edutopia.org,5
www.enlazadot.com,5
www.eppela.com,5
www.etsy.com,5
www.firstthings.com,5
www.floridatoday.com,5
www.fox44news.com,5
www.fox4now.com,5
www.heritageactionsignup.org,5
www.hppr.org,5
www.instagram.com,5
www.keloland.com,5
www.kmbc.com,5
www.koin.com,5
www.ktsm.com,5
www.mercurynews.com,5
www.nationandstate.com,5
www.nbcnewyork.com,5
www.nerdwallet.com,5
www.nestaitalia.org,5
www.newstimes.com,5
www.niot.org,5
www.northernpublicradio.org,5
www.ntd.com,5
www.pinejournal.com,5
www.pnj.com,5
www.powerlineblog.com,5
www.prageru.com,5
www.shreveporttimes.com,5
www.tapinto.net,5
www.teenvogue.com,5
www.telegram.com,5
www.theadvertiser.com,5
www.thedenverchannel.com,5
www.theglobeandmail.com,5
www.thehour.com,5
www.thenewsstar.com,5
www.thetowntalk.com,5
www.viewconference.it,5
www.wired.com,5
www.wkyc.com,5
www.wral.com,5
1053rnb.com,4
640whlo.iheart.com,4
africapearl.com,4
americanmind.org,4
bigbuild.vic.gov.au,4
bigleaguepolitics.com,4
bossip.com,4
bostonreview.net,4
bsre.ca,4
citizen.education,4
cityofnelsonville.org,4
cotedazurfrance.fr,4
country925.iheart.com,4
cplaction.com,4
craighospital.org,4
currentpub.com,4
dacia.org.md,4
daily.jstor.org,4
dallasexpress.com,4
fr.le360.ma,4
goodfaithmedia.org,4
hawkeyereporter.com,4
heritageaction.com,4
hiphopnc.com,4
josecardenas.com,4
journals.sagepub.com,4
kc101.iheart.com,4
kiss957.iheart.com,4
kissrichmond.com,4
kwos.com,4
kyma.com,4
libertyjusticecenter.org,4
littleapplepost.com,4
mcleancountytimes.com,4
mybaltimorespirit.com,4
mycolumbusmagic.com,4
mycolumbuspower.com,4
mypraiseatl.com,4
mystorycontest.com,4
newsbusters.org,4
noticiasecatepec.com,4
open.spotify.com,4
otgdailynews.com,4
polskapress.pl,4
praisebaltimore.com,4
real959.iheart.com,4
rnbcincy.com,4
saraacarter.com,4
shinemycrown.com,4
soussplus.com,4
sscnotespdf.com,4
subscribe.theepochtimes.com,4
tekno.hellonews.site,4
thelightnc.com,4
therepublicanstandard.com,4
timesofindia.indiatimes.com,4
upnorthnewswi.com,4
us12.campaign-archive.com,4
watchdognetwork.com,4
woodradio.iheart.com,4
wrko.iheart.com,4
wspd.iheart.com,4
wsyr.iheart.com,4
wtkg.iheart.com,4
wwnc.iheart.com,4
www.actionnewsjax.com,4
www.affaritaliani.it,4
www.ajc.com,4
www.albanyherald.com,4
www.amazon.com,4
www.beaufortcountysc.gov,4
www.brproud.com,4
www.bu.edu,4
www.cbnews.fr,4
www.centralillinoisproud.com,4
www.cincinnati.com,4
www.cityclub.org,4
www.concordmonitor.com,4
www.conservativenewsdaily.net,4
www.couriermail.com.au,4
www.cpcc.edu,4
www.dailyworld.com,4
www.delcotimes.com,4
www.deseret.com,4
www.dglobe.com,4
www.duluthnewstribune.com,4
www.eastbaytimes.com,4
www.epi.org,4
www.erareardonrealty.com,4
www.essence.com,4
www.eventbrite.com.au,4
www.fox61.com,4
www.freedomforum.org,4
www.greenbaypressgazette.com,4
www.hackster.io,4
www.housingwire.com,4
www.iowapublicradio.org,4
www.jacksonville.com,4
www.juancole.com,4
www.k12dive.com,4
www.kaplanco.com,4
www.ktvb.com,4
www.leavenworthtimes.com,4
www.libertynation.com,4
www.linksproperty.com.au,4
www.littlepatriotslearning.com,4
www.localdvm.com,4
www.machiasnews.com,4
www.marklevinshow.com,4
www.marshfieldnewsherald.com,4
www.mcclatchydc.com,4
www.mdedge.com,4
www.mitchellrepublic.com,4
www.myarklamiss.com,4
www.naplesnews.com,4
www.nature.com,4
www.nbc12.com,4
www.nbcboston.com,4
www.nbcmiami.com,4
www.nbcphiladelphia.com,4
www.necn.com,4
www.news-press.com,4
www.newsbusters.org,4
www.nieuwsmotor.nl,4
www.nj.com,4
www.novara24news.it,4
www.oregonlive.com,4
www.ozarksfirst.com,4
www.pennlive.com,4
www.piazzapinerolese.it,4
www.publicradiotulsa.org,4
www.puritandownloads.com,4
www.redstate.com,4
www.rep-am.com,4
www.rochesterfirst.com,4
www.scarymommy.com,4
www.seattletimes.com,4
www.sermonaudio.com,4
www.sheboyganpress.com,4
www.signupgenius.com,4
www.startmag.it,4
www.stevenspointjournal.com,4
www.templehealth.org,4
www.themorningsun.com,4
www.thesunchronicle.com,4
www.timesherald.com,4
www.tpusa.com,4
www.trigtent.com,4
www.wate.com,4
www.wausaudailyherald.com,4
www.wdhn.com,4
www.williamsonhomepage.com,4
www.wisconsinrapidstribune.com,4
www.wkbn.com,4
www.wpr.org,4
www.wric.com,4
www.wsws.org,4
www.wwlp.com,4
100percentfedup.com,3
603alliance.org,3
abovethelaw.com,3
accessresearchknowledge.tumblr.com,3
action.greene2020.com,3
actu.fr,3
adage.com,3
allthatsnewz.com,3
amazonas1.com.br,3
americanfreenewsnetwork.org,3
amnc.it,3
blog.oxfordeconomics.com,3
buymusic.club,3
churchleaders.com,3
conventionofstates.com,3
dealmama.com,3
eastcentralreporter.com,3
editor.ne16.com,3
eppc.org,3
fedsoc.org,3
fee.org,3
feed.peoplerpeople.website,3
fondazionebottarilattes.it,3
fox17.com,3
foxlexington.com,3
freespeech.org,3
gadflyonthewallblog.com,3
hayspost.com,3
hutchpost.com,3
imprimis.hillsdale.edu,3
indivisibleventura.org,3
ipowerrichmond.com,3
itdoesnotaddup.com,3
kelo.com,3
komonews.com,3
kpfa.org,3
ktar.com,3
listserv.liv.ac.uk,3
magicbaltimore.com,3
majic945.com,3
marionrecord.com,3
metaldevastationradio.com,3
mioriente.com,3
montclair.zoom.us,3
msmagazine.com,3
news.0censor.com,3
news.mit.edu,3
newtolerance.org,3
nrcne.org,3
ny.chalkbeat.org,3
nystateofpolitics.com,3
post.futurimedia.com,3
pozitivanstav.com,3
praisedc.com,3
praiserichmond.com,3
quakemedia.com,3
radionowindy.com,3
recruitingdaily.com,3
register.gotowebinar.com,3
resources.leadershipinstitute.org,3
rickeysmileymorningshow.com,3
salinapost.com,3
salveazaoinima.ro,3
sharesplosion.com,3
sheridanmedia.com,3
stiripozitive.eu,3
swark.today,3
tccherrydale.churchcenter.com,3
theintercept.com,3
torontosun.com,3
truetexasproject.com,3
venmo.com,3
venturebeat.com,3
video.repubblica.it,3
wabcradio.com,3
watchinga.com,3
wbt.com,3
wjbo.iheart.com,3
www.11alive.com,3
www.8newsnow.com,3
www.aclu.org,3
www.agriland.co.uk,3
www.armstrongandgetty.com,3
www.bostonherald.com,3
www.breakpoint.org,3
www.buckscountycouriertimes.com,3
www.christianitydaily.com,3
www.citizenstringer.com,3
www.cnbc.com,3
www.complex.com,3
www.conservativenewszone.com,3
www.crtonline.org,3
www.dallasnews.com,3
www.dcourier.com,3
www.denisonforum.org,3
www.diversityinc.com,3
www.doccyber.org,3
www.economysicilia.it,3
www.ecoticias.com,3
www.elsoldemorelia.com.mx,3
www.faithwire.com,3
www.fark.com,3
www.fdlreporter.com,3
www.fox16.com,3
www.france.fr,3
www.freep.com,3
www.gofundme.com,3
www.hartfordbusiness.com,3
www.hngnews.com,3
www.hoover.org,3
www.independent.co.uk,3
www.infowars.com,3
www.insidephilanthropy.com,3
www.israelnationalnews.com,3
www.iwv.org,3
www.kark.com,3
www.kget.com,3
www.khbrknews.com,3
www.knopnews2.com,3
www.koaa.com,3
www.kpbs.org,3
www.krqe.com,3
www.ksat.com,3
www.ktoo.org,3
www.laprovence.com,3
www.lcsun-news.com,3
www.lohud.com,3
www.loraincounty.us,3
www.masslive.com,3
www.monaco-tribune.com,3
www.mychamplainvalley.com,3
www.mynbc5.com,3
www.myrecordjournal.com,3
www.newsbucovina.ro,3
www.newsday.com,3
www.newsleader.com,3
www.newstatesman.com,3
www.newswest9.com,3
www.normantranscript.com,3
www.ntdvn.com,3
www.nvinoticias.com,3
www.oklahoman.com,3
www.partidaromilor.ro,3
www.pe.com,3
www.portalmultiplix.com,3
www.postcrescent.com,3
www.reuters.com,3
www.rollcall.com,3
www.sacbee.com,3
www.sfchronicle.com,3
www.shrm.org,3
www.skynews.com.au,3
www.smartlessons.com,3
www.southernpatriotnews.com,3
www.spiked-online.com,3
www.standard.net,3
www.staugustine.com,3
www.studio2sps.it,3
www.sunrisemedical.co.uk,3
www.sunrisemedical.com.au,3
www.sunrisemedical.eu,3
www.sunrisemedical.fr,3
www.sunrisemedical.se,3
www.theolympian.com,3
www.thesalemnewsonline.com,3
www.thestar.com,3
www.thestate.com,3
www.timefortruth.org,3
www.timescall.com,3
www.tourmag.com,3
www.verbano24.it,3
www.vita.it,3
www.votervoice.net,3
www.wadenapj.com,3
www.wbur.org,3
www.wfaa.com,3
www.whitehouse.gov,3
www.wistv.com,3
www.wkrg.com,3
www.wkrn.com,3
www.wlwt.com,3
www.wmcactionnews5.com,3
www.wnd.com,3
www.wpri.com,3
www.wsbradio.com,3
www.wvtm13.com,3
www.ydr.com,3
yellowhammernews.com,3
abcdezihuatanejo.com,2
abouthollis.com,2
academic.oup.com,2
access.wait1wait.com,2
acms.ashoka.org,2
aftvoices.org,2
all-4-woman.ru,2
alliance1.org,2
alphanews.org,2
americans-care.com,2
americasvoice.news,2
amp.desmoinesregister.com,2
amsterdamnews.com,2
anglingtrust.net,2
apologetics315.com,2
areomagazine.com,2
arizonasvision.com,2
artemagazine.it,2
aurn.com,2
azgovernor.gov,2
bandnewsfmrio.com.br,2
bariweiss.substack.com,2
barrettsportsmedia.com,2
bartlesvilleradio.com,2
bethepeoplenews.com,2
biennaledemocrazia.it,2
big1059.iheart.com,2
black-gold.org,2
blackagendareport.com,2
blazeaid.com.au,2
bled.news,2
blog.independent.org,2
blogs.memphis.edu,2
bonnercountydailybee.com,2
bryancountypatriot.com,2
cadernonacional.com.br,2
calcoastnews.com,2
cambio22.mx,2
canalrivertrust.org.uk,2
capcityfreepress.blogspot.com,2
cferfoundation.org,2
charliekirk.com,2
chilledecastro,2
christianintellectual.com,2
christinall.podbean.com,2
citizenfreepress.com,2
citizensrenewingamerica.com,2
clayedwardsshow.podbean.com,2
clicktotweet.com,2
creativedestructionmedia.com,2
dailysoundandfury.com,2
decider.com,2
destimed.fr,2
digitaledition.capitalgazette.com,2
directemployers.org,2
dissidentvoice.org,2
dlvr.it,2
dpdbeat.com,2
e-pao.net,2
economicleft.com,2
educatedontindoctrinate.org,2
education.mn.gov,2
education.temple.edu,2
educationalresearchtechniques.com,2
egreenvilleextra.com,2
emergency.vic.gov.au,2
emtempo.com.br,2
emtpleasantextra.com,2
enewspaper.sun-sentinel.com,2
eparisextra.com,2
everyblm.com,2
fair.org,2
familycouncil.org,2
federalnewsnetwork.com,2
floridapolitics.com,2
fore.yale.edu,2
foxync.com,2
france3-regions.francetvinfo.fr,2
freepressers.com,2
gaetzforcongress.revv.co,2
getuperica.com,2
grothman.house.gov,2
guyaneseonline.net,2
gvwire.com,2
hackaday.com,2
hallelujah1600.iheart.com,2
hbr.org,2
ilpiccolo.gelocal.it,2
indigenousx.com.au,2
intersectproject.org,2
inthesetimes.com,2
jacobinmag.com,2
jamn1075.iheart.com,2
javarevisited.blogspot.com,2
jocoreport.com,2
johnmcwhorter.substack.com,2
josephmattera.org,2
k2radio.com,2
katu.com,2
klin.com,2
kogo.iheart.com,2
krc-pbpc.org,2
ksltv.com,2
kulwinderchhina.com,2
kurtjaros.com,2
leftanchor.podbean.com,2
letsrollamerica.us,2
literock993.iheart.com,2
lospiffero.com,2
manausatual.com.br,2
mbcpathway.com,2
mexicoahora.com,2
miami.cbslocal.com,2
missingpeople.ca,2
mohavedailynews.com,2
morninganswerchicago.com,2
moto-station.com,2
na01.safelinks.protection.outlook.com,2
newdiscourses.com,2
newhampshirebulletin.com,2
newrepublic.com,2
news.bloomberglaw.com,2
news.columbia.edu,2
news.mkme.org,2
news.temple.edu,2
nhjournal.com,2
nobetterfriendcorp.salsalabs.org,2
observatory.tec.mx,2
pattyebenson.org,2
peachtreetimes.com,2
phys.org,2
pittsburgh.cbslocal.com,2
plantbasednews.org,2
podfollow.com,2
politico.mx,2
portcitydaily.com,2
prairiestatewire.com,2
prayvotestand.org,2
projectforeverfree.org,2
rasoolberry.medium.com,2
readlion.com,2
redeemerbiblechurch.churchcenter.com,2
regdnews.tv,2
religionandpolitics.org,2
riseup4thechildren.com,2
rnbphilly.com,2
romanulfinanciar.ro,2
rpgamer.com,2
sasknow.com,2
sg001-harmony.sliq.net,2
slbc.org,2
smallbiztrends.com,2
sovereignnations.com,2
spangld.com,2
spectatorworld.com,2
standforamerica.com,2
stjosephpost.com,2
straighttalkwithclaudiak.com,2
subsplash.com,2
sunrisemedical.com,2
taboo-table-talk.libsyn.com,2
tatumreport.com,2
texasscorecard.com,2
thejewishvoice.com,2
theknowledgereview.com,2
themorninghustle.com,2
thepeoplechurch.org,2
thepolicy.us,2
thepoliticalinsider.com,2
therightscoop.com,2
thewashingtonstandard.com,2
threadreaderapp.com,2
timesofsandiego.com,2
tn.chalkbeat.org,2
townpost.ca,2
transilvania365.ro,2
tribuca.net,2
truthout.org,2
universe.byu.edu,2
urldefense.com,2
us10.campaign-archive.com,2
us2.campaign-archive.com,2
vapotherm.com,2
video.gazzettadimantova.gelocal.it,2
we-like-travel.com,2
weatherfordhospital.com,2
whur.com,2
whyn.iheart.com,2
wiltongop.org,2
winteryknight.com,2
wioo.com,2
wisconsinexaminer.com,2
wjla.com,2
woai.iheart.com,2
wrnbhd2.com,2
wrno.iheart.com,2
wsau.com,2
wtag.iheart.com,2
www.10tv.com,2
www.2m.ma,2
www.959thelegend.com,2
www.aaup.org,2
www.americanmajority.org,2
www.americantrails.org,2
www.app.com,2
www.arabnews.fr,2
www.ardmoreite.com,2
www.arezzonotizie.it,2
www.armedlutheran.us,2
www.ashoka.org,2
www.atheistrepublic.com,2
www.baxterbulletin.com,2
www.bbc.com,2
www.bellinghamherald.com,2
www.binnews.com,2
www.biola.edu,2
www.blogtalkradio.com,2
www.boston.com,2
www.britishmarine.co.uk,2
www.calais.news,2
www.cancerquest.org,2
www.careerarc.com,2
www.cepell.it,2
www.cherokeephoenix.org,2
www.chronicle.com,2
www.citizen-times.com,2
www.clarkecountytrib.com,2
www.colorlines.com,2
www.columbianprogress.com,2
www.conibambini.org,2
www.conservativewoman.co.uk,2
www.courierherald.com,2
www.creditkarma.com,2
www.crtmeeting.org,2
www.cuneodice.it,2
www.dailybulletin.com,2
www.dailycamera.com,2
www.dailysunexpress.com,2
www.ddtonline.com,2
www.deadlinenews.co.uk,2
www.defenseone.com,2
www.delmarvanow.com,2
www.democratandchronicle.com,2
www.dl-online.com,2
www.economyup.it,2
www.education.ne.gov,2
www.elminnesotadehoy.com,2
www.engadget.com,2
www.enterprise-tocsin.com,2
www.environment.nsw.gov.au,2
www.episcopalcafe.com,2
www.eventbrite.it,2
www.events.foundation.uconn.edu,2
www.evite.com,2
www.ewmagazine.nl,2
www.fairstory.org,2
www.festivaldelsorriso.it,2
www.festivalmirabilia.it,2
www.fingerlakesdailynews.com,2
www.flickr.com,2
www.flipkart.com,2
www.foodbank.org.nz,2
www.fortisalberta.com,2
www.fox35orlando.com,2
www.fox4news.com,2
www.freedomworks.org,2
www.fresnobee.com,2
www.frontpagemag.com,2
www.funkkeller-weissach.de,2
www.fwweekly.com,2
www.gazettebourgogne.fr,2
www.generation-nt.com,2
www.glennbeck.com,2
www.globalist.it,2
www.gopusa.com,2
www.greenfieldreporter.com,2
www.grenadastar.com,2
www.guelphtoday.com,2
www.heraldnet.com,2
www.heraldonline.com,2
www.heraldpalladium.com,2
www.hieuhien.vn,2
www.hngn.com,2
www.hvadems.com,2
www.i24news.tv,2
www.icontact-archive.com,2
www.ildispariquotidiano.it,2
www.illinoispolicy.org,2
www.illinoisreview.com,2
www.ithacajournal.com,2
www.jornalciencia.com,2
www.kcbd.com,2
www.kcl.ac.uk,2
www.ketv.com,2
www.kfdi.com,2
www.kgun9.com,2
www.kiiitv.com,2
www.kios.org,2
www.kirksvilledailyexpress.com,2
www.klfy.com,2
www.kmuw.org,2
www.kold.com,2
www.ksbw.com,2
www.kwch.com,2
www.labudget.org,2
www.lacerca.com,2
www.lagomaggiore24.it,2
www.lajornadadeoriente.com.mx,2
www.lancastereaglegazette.com,2
www.lavocediasti.it,2
www.leadershipinstitute.org,2
www.leesvilledailyleader.com,2
www.leftvoice.org,2
www.lx.com,2
www.lyftvnews.com,2
www.mahoningmatters.com,2
www.mansfieldnewsjournal.com,2
www.marinij.com,2
www.mass511.com,2
www.mcall.com,2
www.meetings-toulouse.fr,2
www.mercedsunstar.com,2
www.metrotimes.com,2
www.michigancapitolconfidential.com,2
www.milforddailynews.com,2
www.minnpost.com,2
www.mixcloud.com,2
www.modbee.com,2
www.morningjournal.com,2
www.mrt.com,2
www.mypaymysayri.com,2
www.nashvillescene.com,2
www.nbcsandiego.com,2
www.nescafe.com,2
www.news-herald.com,2
www.newslooks.com,2
www.newsmaxtv.com,2
www.newsonyx.com,2
www.noagentproperty.com.au,2
www.noozhawk.com,2
www.northjersey.com,2
www.nouvelle-aquitaine-tourisme.com,2
www.nzz.ch,2
www.oag.ok.gov,2
www.oann.com,2
www.objectifgard.com,2
www.ocregister.com,2
www.ofallon.mo.us,2
www.opb.org,2
www.ossola24.it,2
www.our360.news,2
www.outsidethebeltway.com,2
www.palmcoastobserver.com,2
www.panorapost.com,2
www.patrioticviralnews.com,2
www.paypal.com,2
www.pcmag.com,2
www.perhamfocus.com,2
www.pineandlakes.com,2
www.polialert.com,2
www.post-gazette.com,2
www.poughkeepsiejournal.com,2
www.pressconnects.com,2
www.pressregister.com,2
www.presstelegram.com,2
www.provenceoccitane.com,2
www.proxlearn.com,2
www.pwcva.gov,2
www.quotidianopiemontese.it,2
www.record-bee.com,2
www.recordonline.com,2
www.redhillsmsnews.com,2
www.refinery29.com,2
www.respondtoracism.org,2
www.retecool.com,2
www.reviewjournal.com,2
www.roadandtrack.com,2
www.sbnation.com,2
www.sctonline.net,2
www.sebts.edu,2
www.sohh.com,2
www.sorbostudios.com,2
www.spectator.co.uk,2
www.speedwaydigest.com,2
www.standwithprageru.com,2
www.staradvertiser.com,2
www.stargazette.com,2
www.startribune.com,2
www.suncoastnews.com,2
www.surveymonkey.com,2
www.swoknews.com,2
www.takebackthesenatenow.com,2
www.tallahatchienews.ms,2
www.tandfonline.com,2
www.tarragonaradio.cat,2
www.telegraph.co.uk,2
www.texasdemocrats.org,2
www.texasstandard.org,2
www.theahafoundation.org,2
www.thegospelcoalition.org,2
www.theintell.com,2
www.them.us,2
www.thenorthwestern.com,2
www.theodysseyproject21.top,2
www.theregister.com,2
www.thereporter.com,2
www.thetruthaboutcars.com,2
www.today.com,2
www.tracesecritesnews.fr,2
www.tristatehomepage.com,2
www.tuskerdaily.com,2
www.ui.torino.it,2
www.unaltered-1776.com,2
www.unionleader.com,2
www.universityworldnews.com,2
www.universnews.tn,2
www.upr.org,2
www.upworthy.com,2
www.usnews.com,2
www.valsesianotizie.it,2
www.visaliatimesdelta.com,2
www.voddiebaucham.org,2
www.wambradio.com,2
www.wapt.com,2
www.washingtoninformer.com,2
www.wcsy.com,2
www.wdrb.com,2
www.weareteachers.com,2
www.wenzhao.ca,2
www.wesh.com,2
www.wested.org,2
www.whitecountynews.net,2
www.winonatimes.com,2
www.wksu.org,2
www.wlbt.com,2
www.wmur.com,2
www.wtae.com,2
www.wtrf.com,2
www.wtsp.com,2
www.wuky.org,2
www.wuwm.com,2
www.wvxu.org,2
www.wyomingnews.com,2
www.yeovalley.co.uk,2
www.yourbigsky.com,2
wyrz.org,2
yourdailylocal.com,2
1035thebeat.iheart.com,1
103jamz.iheart.com,1
1041thebeat.iheart.com,1
1051rocks.iheart.com,1
1776project.org,1
1776unites.com,1
1berkshire.com,1
2ckidssucceed.org,1
3quarksdaily.com,1
570wkbn.iheart.com,1
937thebeathouston.iheart.com,1
941thebeat.iheart.com,1
949thebeat.iheart.com,1
957thebeat.iheart.com,1
965tic.radio.com,1
977thebrew.iheart.com,1
979espn.iheart.com,1
99kisscountry.iheart.com,1
a10182.myubam.com,1
abc11.com,1
abc3340.com,1
abc57.com,1
abc7news.com,1
academy.isth.org,1
accounts.google.com,1
act.wisgop.org,1
actout.libsyn.com,1
actualitte.com,1
adevarul.ro,1
adl.zoom.us,1
aerospace.honeywell.com,1
afn.net,1
aframnews.com,1
agenciaamazonas.am.gov.br,1
aircargoeye.com,1
alabamaeagle.org,1
allen.house.gov,1
allfans.co,1
ama-assn.csod.com,1
amarhealth.com,1
americanconsequences.com,1
americanovictor.com,1
americanreveille.buzzsprout.com,1
americaoutloud.com,1
americarenewing.com,1
amp.tennessean.com,1
amp.theatlantic.com,1
andrew.questsold.com,1
aostasera.it,1
app.donorview.com,1
apple.news,1
apply.jobs.scot.nhs.uk,1
apply.recruitology.com,1
arbucklehospital.com,1
arstechnica.com,1
arts.stanford.edu,1
asunow.asu.edu,1
atimetostand.me,1
atlantablackstar.com,1
audioport.org,1
auwcl.zoom.us,1
azfreenews.com,1
backtheblueproject.com,1
bakersfieldclassical.com,1
ballotpedia.org,1
baptist21.com,1
barnetteforsenate.com,1
beat1053.iheart.com,1
belatina.com,1
bergerpress.medium.com,1
bigislandnow.com,1
bigthink.com,1
bit.ly,1
bizrepublic.com,1
blog.eccouncil.org,1
blog.flocabulary.com,1
blog.grancursosonline.com.br,1
blog.his.in.th,1
blog.ncart.us,1
blog.pshares.org,1
blog.sasktel.com,1
blog.vagasempregosrn.com.br,1
blogs.publico.es,1
bluevirginia.us,1
bnc.tv,1
bobine.tv,1
bookriot.com,1
bookshop.org,1
boundingintocomics.com,1
braverangels.org,1
bretthill.1stclassre.com,1
brightonjournal.co.uk,1
bringatrailer.com,1
broadandliberty.com,1
btrcommunity.com,1
budeandbeyond.co.uk,1
cadenanoticias.com,1
caldronpool.com,1
californiaglobe.com,1
calvarychapel.com,1
camaraitaliana.com.mx,1
cambayhealthcare.com,1
candland.salsalabs.org,1
capp-usa.org,1
capstonereport.com,1
carolineglick.com,1
caroloportunidades.com.br,1
catholicherald.co.uk,1
cawthorn.house.gov,1
cbs12.com,1
cce.sydney.edu.au,1
cebolaverde.com.br,1
centralelectoral.ine.mx,1
cetateanul.net,1
cfaac.org,1
cfrw.us15.list-manage.com,1
chathamjournal.com,1
cheshireremedialtherapy.co.uk,1
chieforganizer.org,1
chiproy.com,1
chosengenerationradio.com,1
christiantimes.org.hk,1
cirebon.pikiran-rakyat.com,1
civilsquared.org,1
clearlens.org,1
cletusqpublic.mericastickerclub.com,1
clinica.bg,1
cobbreporter.com,1
cobertura360.mx,1
coinmarketcap.com,1
coloradonewsline.com,1
concursos.correioweb.com.br,1
concursosnobrasil.uol.com.br,1
connerharrington.org,1
consent.yahoo.com,1
conservative.ly,1
contactohoy.com.mx,1
content-app.com,1
corona-virus.la,1
corpusparlatocom.wordpress.com,1
correiopaulista.com,1
cottonforvets.com,1
couponseagle.com,1
covingtonleader.com,1
criticalrace.org,1
crosscut.com,1
crt-roomguard.de,1
crtvirtual.org,1
ctbythenumbers.news,1
ctmirror.org,1
ctsafeconnect.com,1
culturalfoundation.eu,1
cw39.com,1
d1dwvcwq657ipv.cloudfront.net,1
dailyevergreen.com,1
dailymemphian.com,1
daryo.uz,1
davespaper.com,1
defcorthethread.libsyn.com,1
dekanttekening.nl,1
delawaregop.com,1
denvergazette.com,1
dev.lareviewofbooks.org,1
diariobasta.com,1
discord.com,1
dnews.com,1
dogblessedllc.com,1
droid.trackr.fr,1
e.clientlinenewsletter.com,1
ealingnewsextra.co.uk,1
economictimes.indiatimes.com,1
ecosdelquinceo.com,1
ecotopical.com,1
edalliesmn.org,1
edprepmatters.net,1
educationvoters.org,1
edwardkylerichey.org,1
elpasomatters.org,1
elretodegranada.com,1
eltiempolv.com,1
empoweruohio.org,1
en.calameo.com,1
en.protothema.gr,1
epn.xyz,1
epomedicine.com,1
es.theepochtimes.com,1
espnradio1300.iheart.com,1
essence.com,1
euraxess.ec.europa.eu,1
events.r20.constantcontact.com,1
expresionesguerrero.com.mx,1
faithandleadership.com,1
faithfullymagazine.com,1
feeds.feedblitz.com,1
fightforschools.com,1
fitnessincasa.it,1
flagpole.com,1
floridacapitalstar.com,1
floridaestateplanning.com,1
floridaphoenix.com,1
fmautomovilismo.com,1
folhadirigida.com.br,1
fondazionecesarepavese.it,1
fordhamobserver.com,1
fordschool.umich.edu,1
fox5sandiego.com,1
foxwilmington.com,1
frc.org,1
frcblog.com,1
friendlyatheist.patheos.com,1
friendsofjustice.blog,1
frotsi-paca.fr,1
fullmeasure.news,1
games.slashdot.org,1
gazette.com,1
geneticliteracyproject.org,1
georgiarecorder.com,1
gibson4governor.com,1
gibson68w.wordpress.com,1
gillespie4berkeley.my-free.website,1
givesendgo.com,1
globovision.com,1
gmnoticias.mx,1
go.boarddocs.com,1
goldcountrymedia.com,1
gophouse.org,1
gossipingheifers.com,1
gotstratosphere.com,1
governor.alabama.gov,1
gps.ucsd.edu,1
graceandtruthbooks.com,1
gracewoodlands.com,1
grappleproperties.co.zw,1
greatbendpost.com,1
greenbayreporter.com,1
habr.com,1
hackaday.io,1
harare.opencouncil.co.zw,1
hardware.slashdot.org,1
helenair.com,1
hillisgroup.ca,1
hillmanfoundation.org,1
hipertextual.com,1
hiphopwired.com,1
hispanicnewsnetwork.blogspot.com,1
historynewsnetwork.org,1
hk.news.appledaily.com,1
home.heinonline.org,1
house.mo.gov,1
hub.permobil.com,1
idm.utsystem.edu,1
ifamnews.com,1
ijgc.bmj.com,1
il-hpco.org,1
illinoisvalleytimes.com,1
iltorinese.it,1
immersiveatlanta.com,1
independenttribune.com,1
infobistrita.ro,1
innovaccer.com,1
issuesetc.org,1
it.businessinsider.com,1
italia24.org,1
j.theory,1
jamricgav,1
jaypgreene.com,1
jcpost.com,1
jewishjournal.com,1
jkadworld.com,1
johnkassnews.com,1
johnsoncountygop.nationbuilder.com,1
julieforhouse.com,1
kanecountyreporter.com,1
kankakeetimes.com,1
kannada.pratilipi.com,1
kcpw.org,1
kdvr.com,1
kgab.com,1
kidotalkradio.com,1
kidzshack.com.au,1
kioscodelahistoria.mx,1
kjzz.org,1
kmmsam.com,1
kmph.com,1
knsiradio.com,1
kotaku.com,1
ktul.com,1
kutv.com,1
kvi.com,1
lafayettela.gov,1
lakewood.advocatemag.com,1
laquotidienne.ma,1
latinalista.com,1
lauraflanders.org,1
lavozcolorado.com,1
lawreviewblog.uchicago.edu,1
lawyeredpodcast.com,1
legacydisciple.org,1
lens.monash.edu,1
leohohmann.com,1
leseco.ma,1
libertydispatch.com,1
libertyrevoltmedia.com,1
libertywritersglobal.com,1
lifeat.purdue.edu,1
limitgov.salsalabs.org,1
limpinhoecheiroso.com,1
lindarea.realestateone.com,1
lindelltv.com,1
listenupyall.com,1
ljekovitebiljke.info,1
lobservateur.info,1
localnewsmatters.org,1
losangeles.cbslocal.com,1
lowereasternshorenews.com,1
m.analyzingamerica.org,1
m.dagospia.com,1
maconreporter.com,1
magellan.genesysmarketing.com,1
mail.gmail.com,1
majicatl.com,1
mappforcongress27.com,1
mattaudettefordistrict11.com,1
mayawoodscadiz.medium.com,1
mcgeelawdfw.com,1
mcgregorforgeorgia.com,1
meaww.com,1
mediarightnews.com,1
mediaspace.illinois.edu,1
medicalnews.bg,1
medicircle.in,1
members.dsmpartnership.com,1
mercercountyoutlook.net,1
metroeastsun.com,1
meuprofessorcnn.com,1
mexicotravelchannel.com.mx,1
mexicoxport.com,1
michiganadvance.com,1
michigankoreans.com,1
milaap.org,1
minnesotastatewire.com,1
mises.org,1
missoulacurrent.com,1
mix106radio.com,1
mix1079.com,1
mncatholictribune.com,1
montanafreepress.org,1
montrealgazette.com,1
mspoweruser.com,1
mt.corens.portalcofen.gov.br,1
muscatdaily.com,1
muskoka411.com,1
muskokaradio.com,1
mustreadalaska.podbean.com,1
myfaithradio.com,1
myspiritdc.com,1
n.news.naver.com,1
n4g.com,1
na.eventscloud.com,1
nativenewsonline.net,1
nebraskapublicmedia.org,1
neocha.com,1
new.finalcall.com,1
newmansociety.org,1
news.asu.edu,1
news.chicksonright.com,1
news.doccyber.org,1
news.fidosysop.org,1
news.grabien.com,1
news.northeastern.edu,1
news.prairiepublic.org,1
news.sky.com,1
news.wosu.org,1
news.wttw.com,1
newspunch.com,1
newsroom.shropshire.gov.uk,1
newyorkgazette.com,1
niagarafalls.ca,1
nnnow.tv,1
nobetterfriendcorp.com,1
noticias.oamarelinho.com.br,1
noticiasenlamira.com,1
notifivenoticias.blog,1
notthebee.com,1
nrrts.org,1
nydailyrecord.com,1
observatorul.md,1
ogrtorino.it,1
okdemocrats.org,1
on.wsj.com,1
one.npr.org,1
onwardstate.com,1
opentheword.org,1
oportaln10.com.br,1
opoyi.com,1
oradetulcea.ro,1
osna-live.de,1
otgdaily.news,1
ow.ly,1
pagesix.com,1
pagina3.mx,1
palabrasclaras.mx,1
palermo.repubblica.it,1
panampost.com,1
parler.com,1
partiallyexaminedlife.com,1
paselavoz.net,1
patientdaily.com,1
pbswisconsin.org,1
pcmnoticias.mx,1
pen.org,1
people-news-people.com,1
people-r-people.com,1
peopledotnews.com,1
peoriastandard.com,1
perpignanmediterraneetourisme.fr,1
philadelphia.cbslocal.com,1
philadelphia.chalkbeat.org,1
phl17.com,1
photos.google.com,1
placemakers.org.au,1
play.acast.com,1
podcasts.google.com,1
poderciudadanoradio.com,1
politadick.com,1
politicalresearch.org,1
politicrossing.com,1
politicsdoneright.com,1
polkatheists.libsyn.com,1
port.hu,1
portalamazonasdigital.com,1
portugues.medscape.com,1
postdata.news,1
pr.trabajorapido.org,1
praisecharlotte.com,1
praisehouston.com,1
praisephilly.com,1
primagames.com,1
pro.ardeche-guide.com,1
pro.auvergnerhonealpes-tourisme.com,1
pro.tourisme-occitanie.com,1
prophecytracker.org,1
prospect.org,1
protectourkidsnow.org,1
protecttheprotest.org,1
pubmed.ncbi.nlm.nih.gov,1
pulse.microsoft.com,1
q93.iheart.com,1
qcnerve.com,1
qds.it,1
qoo.ly,1
quarterly.gospelinlife.com,1
quincyreporter.com,1
radiowest.kuer.org,1
rax.rochester.edu,1
react.etvbharat.com,1
readingreligion.org,1
real1039fm.iheart.com,1
real931.iheart.com,1
real983.iheart.com,1
reappropriate.co,1
recallmtsd.com,1
redsinedorg.wpcomstaging.com,1
relaid.net,1
renoreporter.com,1
repubpost.com,1
resource-recycling.com,1
restorationfromzion.com,1
retrievr.com,1
retrocomputing.stackexchange.com,1
revgalblogpals.org,1
revistalacampina.mx,1
rewirenewsgroup.com,1
rivercountrynews.com,1
ro-journal.biomedcentral.com,1
rockfordsun.com,1
rocksandcows.org,1
rockymountainhigh13,1
rose.systems,1
royallepageatlantic.com,1
runforsomething.net,1
ruralradio.com,1
rwebblaw.com,1
saidbetanzos.com,1
sanitainsicilia.it,1
sapirjournal.org,1
sapro.senate.ca.gov,1
sarasotamanateecrt.org,1
saudepulsando.com.br,1
school-me.simplecast.com,1
scot.sellsmi.com,1
secure2.convio.net,1
securelb.imodules.com,1
senate.utah.gov,1
sentinelksmo.org,1
ses.edu,1
sevegasnews.com,1
sg.style.yahoo.com,1
shawneemissionpost.com,1
sherbino.yapsody.com,1
sheridancountyjournalstar.net,1
silverstatetimes.com,1
siviaggia.it,1
skiptheline.ncdot.gov,1
skydancingblog.com,1
smcorridornews.com,1
solariscancercare.org.au,1
southernbaptistsagainstracism.org,1
southfloridasuntimes.clickthiscard.top,1
spectator.com.au,1
spectator.us,1
spectruminfocus.com,1
spokanefavs.com,1
spookypatootie,1
spoti.fi,1
standupamericaus.org,1
staneighbors.org,1
star1043.iheart.com,1
stereo.com,1
stevechabot.com,1
stevegruber.podbean.com,1
stiriletransilvaniei.ro,1
studybreaks.com,1
sucurriculum.com,1
sumario.com.mx,1
sunflowerstatejournal.com,1
swillinoisnews.com,1
t3me.com,1
tbdailynews.com,1
techcrunch.com,1
tecnoblog-net.cdn.ampproject.org,1
tecnogazzetta.it,1
telenord.it,1
tempechamber.eventbank.com,1
texasinsider.org,1
the-way-it-is.com,1
thebaffler.com,1
thebeatcincy.iheart.com,1
thebeatflorence.iheart.com,1
thebeatstl.iheart.com,1
thebillwaltonshow.com,1
theblackwallsttimes.com,1
thebrunswicknews.com,1
thechalkboardreview.com,1
thecripplegate.com,1
theeducatorsroom.com,1
thegoldenrace.home.blog,1
thehayride.com,1
theiowastandard.com,1
thejasminebrand.com,1
themuslimvibe.com,1
thenewstack.io,1
thenib.com,1
thepostamericatimes.com,1
theragingpatriot.org,1
thesavagecrew.libsyn.com,1
theseahawk.org,1
thevillagereporter.com,1
timcoxforvirginia.com,1
tintuc.com.vn,1
tnc.news,1
toledo.oh.gov,1
torahresource.com,1
totaperadiocrt.wordpress.com,1
tour.atlcommunities.com,1
tours.pictureyourhome.net,1
tpp.mit.edu,1
traffic.libsyn.com,1
tremg.info,1
trendinglit.com,1
trendingpolitics.com,1
trialsitenews.com,1
truthdetectivepodcast.com,1
tuckervisioncenter.com,1
tulsaworld.com,1
turisme.nu,1
tuttletwins.com,1
tuzlainfo.ba,1
tvcidadecanal9.com.br,1
tw.wen8health.com,1
uclalawmagazine.com,1
umaine.edu,1
umd.zoom.us,1
us14.campaign-archive.com,1
us15.campaign-archive.com,1
us4.campaign-archive.com,1
usatoday,1
uspie.blog,1
v100.iheart.com,1
vancouversun.com,1
vandal.elespanol.com,1
vcloud.ilger.com,1
velvethamster.com,1
video.corriere.it,1
vimeo.com,1
virginiaproject.com,1
voicesofmontana.com,1
votealymarielegge.com,1
vpm.org,1
wamcpodcasts.org,1
wanaleads.com,1
waterloo.imodules.com,1
waterlootimes.com,1
wchstv.com,1
wdet.org,1
wealthandpoverty.center,1
wearelibertarians.com,1
wegrowteachers.com,1
westcoastoptical.com,1
westcooknews.com,1
westnovanews.com,1
wflapanamacity.iheart.com,1
wfpl.org,1
whas.iheart.com,1
whdh.com,1
wherecanirun.org,1
white.belonnanotservice.ga,1
wiba.iheart.com,1
wibb.iheart.com,1
wild1063.iheart.com,1
wjbt.iheart.com,1
wjiz.iheart.com,1
wjlbdetroit.iheart.com,1
wlni.com,1
wlos.com,1
wmrn.iheart.com,1
wng.org,1
workforcenow.adp.com,1
worldisraelnews.com,1
worldstar.com,1
wrch.radio.com,1
wrightsisters.com,1
wvua23.com,1
ww38.conservativechalkboard.com,1
wwmt.com,1
www-thesun-co-uk.cdn.ampproject.org,1
www.1011now.com,1
www.1230kfjb.com,1
www.1310kfka.com,1
www.13wmaz.com,1
www.14news.com,1
www.1828.org.uk,1
www.21oak.com,1
www.228actu.com,1
www.2ndvote.com,1
www.4029tv.com,1
www.4mk.com.au,1
www.5newsonline.com,1
www.997wpro.com,1
www.aachener-nachrichten.de,1
www.abc.net.au,1
www.abc6.com,1
www.aberdeennews.com,1
www.abs-group.com,1
www.acquia.com,1
www.actionnewsnow.com,1
www.acton.org,1
www.adirondackdailyenterprise.com,1
www.afa.net,1
www.ahajournals.org,1
www.aiaoregon.org,1
www.akibagamers.it,1
www.akschoolchoiceconvention.com,1
www.ala.org,1
www.alaskapublic.org,1
www.alisachilders.com,1
www.alliancerehabmed.com,1
www.allsides.com,1
www.amel-djait.com,1
www.americamagazine.org,1
www.americanexperiment.org,1
www.americascrossroad.com,1
www.andronova.net,1
www.antiracismdaily.com,1
www.anunintentionalaccomplice.com,1
www.aol.com,1
www.arcgis.com,1
www.archiviostoricolivetti.it,1
www.artconnect.com,1
www.artemagazine.it,1
www.artigianatomondovi.it,1
www.ascd.org,1
www.aspendailynews.com,1
www.assistnews.net,1
www.atiempo.mx,1
www.ativafm.com,1
www.auntminnie.com,1
www.autosport.be,1
www.avenidadigital30.com,1
www.avonctlibrary.info,1
www.azleg.gov,1
www.azmirror.com,1
www.babinforcongress.com,1
www.backpackerjobboard.com.au,1
www.bankerandtradesman.com,1
www.baynews9.com,1
www.belloflostsouls.net,1
www.bendsource.com,1
www.bestcolleges.com,1
www.bhpress.info,1
www.biennaletecnologia.it,1
www.bitchute.com,1
www.bizjournals.com,1
www.blacklivesmatteratschool.com,1
www.blacktalkradionetwork.com,1
www.blazetv.com,1
www.blogdomarioadolfo.com.br,1
www.bloomfieldrec.com,1
www.bobcornwall.com,1
www.bookforum.com,1
www.breakingreports.org,1
www.brest.fr,1
www.bridgedetroit.com,1
www.britannica.com,1
www.brynmawr.edu,1
www.bucyrustelegraphforum.com,1
www.burlingtonfreepress.com,1
www.businessdailyafrica.com,1
www.butlereagle.com,1
www.caller.com,1
www.camaspostrecord.com,1
www.canadianlawyermag.com,1
www.canoncitydailyrecord.com,1
www.capitalmexico.com.mx,1
www.cardiovascular.abbott,1
www.carlislehousing.co.uk,1
www.carscoops.com,1
www.casilinanews.it,1
www.causeur.fr,1
www.cbs46.com,1
www.ccpdata.org,1
www.cdcr.ca.gov,1
www.centraldeconcursos.com.br,1
www.centredaily.com,1
www.charleston-sc.gov,1
www.charlottetown.ca,1
www.chihuahua-rescue.com,1
www.childproofingexperts.com,1
www.chillicothegazette.com,1
www.chrisspangle.com,1
www.christiancentury.org,1
www.cities929.com,1
www.cityofirving.org,1
www.cityofmadison.com,1
www.cityofwaupun.org,1
www.cityofwellington.net,1
www.clarencebee.com,1
www.clarkart.edu,1
www.click2houston.com,1
www.clickorlando.com,1
www.club.radio.br,1
www.clubic.com,1
www.cnet.com,1
www.cois.org,1
www.coloradodaily.com,1
www.coloradohometownweekly.com,1
www.columbusalive.com,1
www.comicsands.com,1
www.compagniadisanpaolo.it,1
www.comsol.com,1
www.conservativeusa.org,1
www.controlbionics.com,1
www.coreysdigs.com,1
www.corriere.it,1
www.cortlandrep.org,1
www.coshoctontribune.com,1
www.cotton.senate.gov,1
www.coxforfreedom.com,1
www.cpedinitiative.org,1
www.cpps.org,1
www.cpr.org,1
www.craighuey.com,1
www.critlarge.com,1
www.crt-nouvelle-aquitaine.com,1
www.crt.com.au,1
www.crtsp.gov.br,1
www.crtstorage.com,1
www.ctnewsjunkie.com,1
www.ctpublic.org,1
www.culturalfoundation.eu,1
www.culturapiuimpresa.it,1
www.cuneocronaca.it,1
www.cusio24.it,1
www.custercoloradosheriff.com,1
www.cwilson.com,1
www.daily-jeff.com,1
www.daily-sun.com,1
www.dailyamerican.com,1
www.dailybreeze.com,1
www.dailydemocrat.com,1
www.dailyfreeman.com,1
www.dailygamecock.com,1
www.dailynews.com,1
www.dailyrecord.com,1
www.dailytarheel.com,1
www.dailywritingtips.com,1
www.dallasweekly.com,1
www.danielgreenfield.org,1
www.darkasylum.co.uk,1
www.daytondailynews.com,1
www.dealerrater.com,1
www.defenceconnect.com.au,1
www.democracyandme.org,1
www.diariocambio.com.mx,1
www.digitaljournal.com,1
www.dimboolacourier.com.au,1
www.diocesi.torino.it,1
www.diregiovani.it,1
www.discerningthemystery.com,1
www.discoursemagazine.com,1
www.donaukurier.de,1
www.dpsa.gov.za,1
www.dur.ac.uk,1
www.eastcoastdaily.in,1
www.ecoactu.ma,1
www.ecodallecitta.it,1
www.ecodiario.com.mx,1
www.econostrum.info,1
www.edfunders.org,1
www.ednc.org,1
www.educationandcareernews.com,1
www.educationnext.org,1
www.educationviews.org,1
www.efc.be,1
www.efeverde.com,1
www.elcato.org,1
www.eleconomista.com.mx,1
www.electionforum.org,1
www.electronicsforu.com,1
www.element14.com,1
www.elizabethton.com,1
www.ellsworthamerican.com,1
www.elsoldemexico.com.mx,1
www.elsoldezamora.com.mx,1
www.eluniverso.com,1
www.embodiedmindnyc.com,1
www.encastillalamancha.es,1
www.enfield-ct.gov,1
www.epochtimes.com,1
www.eriegaynews.com,1
www.eternitynews.com.au,1
www.eveningsun.com,1
www.eventbrite.ie,1
www.eventscribe.com,1
www.ewa.org,1
www.ewasteeplanet.com,1
www.ewubd.edu,1
www.examiner.net,1
www.expresshealthcare.in,1
www.facultyfocus.com,1
www.fairforall.org,1
www.fatherly.com,1
www.fayobserver.com,1
www.fcps.edu,1
www.fda.gov,1
www.fginsight.com,1
www.fhs.it,1
www.firstpost.com,1
www.fis-international.com,1
www.flatlandkc.org,1
www.floridastandardsreview.org,1
www.fondazionedot.it,1
www.fondazioneveronesi.it,1
www.fourstateshomepage.com,1
www.fox13memphis.com,1
www.fox13news.com,1
www.fox17online.com,1
www.fox19.com,1
www.fox21online.com,1
www.fox42kptm.com,1
www.fox47news.com,1
www.fox5atlanta.com,1
www.fox5vegas.com,1
www.francebleu.fr,1
www.frankspeech.com,1
www.frcaction.org,1
www.frcblog.com,1
www.friendsofnaticktrails.org,1
www.frieze.com,1
www.frontlist.in,1
www.gamesradar.com,1
www.gamtorino.it,1
www.garrisoninstitute.org,1
www.gazetadopovo.com.br,1
www.gazettenet.com,1
www.gcasd.org,1
www.generationnext.com.au,1
www.germancarforum.com,1
www.getop.com,1
www.gmtoday.com,1
www.goacta.org,1
www.goldcoastbulletin.com.au,1
www.golem.de,1
www.gongwer.com,1
www.goodmorningamerica.com,1
www.gosanangelo.com,1
www.gov.uk,1
www.governing.com,1
www.governmentjobs.com,1
www.govictory.com,1
www.grappleproperties.co.zw,1
www.grossetosport.com,1
www.hannenabintuherland.com,1
www.helpinglostpets.com,1
www.hendersoncountync.gov,1
www.heraldmailmedia.com,1
www.heraldtimesonline.com,1
www.hfpg.org,1
www.hirstart.hu,1
www.hmenews.com,1
www.howitworksdaily.com,1
www.hrsonline.org,1
www.huffingtonpost.it,1
www.ideastream.org,1
www.ift-aft.org,1
www.ilvibonese.it,1
www.in.gov,1
www.independentnews.com,1
www.inkfreenews.com,1
www.inputmag.com,1
www.intersectionalenvironmentalist.com,1
www.ipetitions.com,1
www.istruzionepiemonte.it,1
www.italpress.com,1
www.ivoox.com,1
www.jamesgmartin.center,1
www.jeanmarcmorandini.com,1
www.jihadwatch.org,1
www.jobs-erfurt.org,1
www.jobs4tn.gov,1
www.jootube.tv,1
www.joshwho.net,1
www.journalgazette.net,1
www.journalinquirer.com,1
www.jpost.com,1
www.jweekly.com,1
www.kake.com,1
www.kcrg.com,1
www.kcur.org,1
www.kdll.org,1
www.kentuckyteacher.org,1
www.keweenawreport.com,1
www.kfvs12.com,1
www.king5.com,1
www.kiplinger.com,1
www.kitces.com,1
www.kitsapdailynews.com,1
www.klcc.org,1
www.kltv.com,1
www.kotatv.com,1
www.krem.com,1
www.kristv.com,1
www.krwg.org,1
www.ksipnistere.com,1
www.ksnblocal4.com,1
www.kswo.com,1
www.ktre.com,1
www.kunm.org,1
www.kusi.com,1
www.kvue.com,1
www.kwit.org,1
www.kztv10.com,1
www.lacomarcadepuertollano.com,1
www.lacyjohnson.com,1
www.laizquierdadiario.com,1
www.lakenewsonline.com,1
www.lakeshorepublicradio.org,1
www.lansingstatejournal.com,1
www.laosangeles.org,1
www.laprensa.com.ni,1
www.larouchepac.com,1
www.latinpost.com,1
www.lavocedinovara.com,1
www.lavozdemichoacan.com.mx,1
www.law.com,1
www.law.ox.ac.uk,1
www.ldnews.com,1
www.leak.pt,1
www.learningforjustice.org,1
www.leicesterma.org,1
www.leparisien.fr,1
www.lereporter.ma,1
www.lesinfos.ma,1
www.lesnumeriques.com,1
www.letelegramme.fr,1
www.lgbtqnation.com,1
www.lifewire.com,1
www.listyznaszegosadu.pl,1
www.local10.com,1
www.lumeasatului.ro,1
www.luther.edu,1
www.maciverinstitute.com,1
www.mapagadir.ma,1
www.mapmarrakech.ma,1
www.marionstar.com,1
www.marketplace.org,1
www.markrobinsonfornc.com,1
www.markspaneth.com,1
www.marocnews.fr,1
www.marriott.com,1
www.masters.tw,1
www.maxon.net,1
www.mcgill.ca,1
www.medi1tv.com,1
www.media-diversity.org,1
www.media.mit.edu,1
www.mediamatters.org,1
www.mendocinocounty.org,1
www.messenger.com,1
www.metrolibre.com,1
www.metrowestdailynews.com,1
www.miamistudent.net,1
www.mic.com,1
www.millerkaplan.com,1
www.missioalliance.org,1
www.missourinet.com,1
www.mizitacuaro.com,1
www.mmagcomunicazione.it,1
www.mngop.com,1
www.mobihealthnews.com,1
www.mobilize.us,1
www.montereyherald.com,1
www.montgomeryindependent.com,1
www.mprnews.org,1
www.mtpr.org,1
www.mural.com.mx,1
www.mycentraljersey.com,1
www.myfaithvotes.org,1
www.mynews13.com,1
www.mypanhandle.com,1
www.mysanantonio.com,1
www.mytorontocity.com,1
www.mytwintiers.com,1
www.nachrichten-heute.net,1
www.nasponline.org,1
www.nationalgeographic.com,1
www.nationaljournal.com,1
www.natlawreview.com,1
www.nbcchicago.com,1
www.ncronline.org,1
www.ndunited.org,1
www.nea.org,1
www.nerdragemotown.com,1
www.netflix.com,1
www.nevadacurrent.com,1
www.newarkadvocate.com,1
www.newegg.com,1
www.newleafnetwork.ca,1
www.news-leader.com,1
www.news10.com,1
www.news4jax.com,1
www.newtoncountyappeal.com,1
www.nlc.org,1
www.northshorelaw.com,1
www.northtexasgivingday.org,1
www.notebookcheck.com,1
www.novaratoday.it,1
www.noventagrados.com.mx,1
www.ntdaily.com,1
www.ntnews.com.au,1
www.ny1.com,1
www.ocalagazette.com,1
www.offres-emploi.ma,1
www.olivetti.com,1
www.omega-level.net,1
www.oncology-central.com,1
www.oneidadispatch.com,1
www.oneplace.com,1
www.onlinecourses.ooo,1
www.openpmi.it,1
www.oru.com,1
www.oudaily.com,1
www.pace.edu,1
www.pahomepage.com,1
www.palmbeachpost.com,1
www.palmerreport.com,1
www.pasadenastarnews.com,1
www.pasajero7.com,1
www.patreon.com,1
www.pbi.org,1
www.pcmarket.com.hk,1
www.pcwelt.de,1
www.penncapital-star.com,1
www.pepsico.com,1
www.pesquisamosaico.com.br,1
www.pewtrusts.org,1
www.phillytrib.com,1
www.phyllisschlafly.com,1
www.pickupmydonation.com,1
www.pineapplereport.com,1
www.piratemedia1.com,1
www.plymouth-review.com,1
www.popsugar.com.au,1
www.portable.tv,1
www.portalholofote.com,1
www.portclintonnewsherald.com,1
www.postregister.com,1
www.premierchristianradio.com,1
www.pricerunner.com,1
www.profesionalreview.com,1
www.project-syndicate.org,1
www.propgoluxury.com,1
www.publicopiniononline.com,1
www.publicsource.org,1
www.purdue.edu,1
www.quadratin.com.mx,1
www.quotidianocanavese.it,1
www.quotidianodelsud.it,1
www.r2hub.org,1
www.radio.com,1
www.rappnews.com,1
www.rcreader.com,1
www.realclearpolicy.com,1
www.redlandsdailyfacts.com,1
www.reference.com,1
www.reformaustin.org,1
www.regio7.cat,1
www.rejectcrt.org,1
www.remax.ca,1
www.republicanpartynetwork.com,1
www.revjenbutler.com,1
www.revolt.tv,1
www.revolver.news,1
www.rgj.com,1
www.richlandsource.com,1
www.richsparks.com,1
www.rioaxaca.com,1
www.rocha.gub.uy,1
www.rohadi.com,1
www.rollingstone.com,1
www.rssjankalyan.org,1
www.rtvslo.si,1
www.rynekzdrowia.pl,1
www.sallandcentraal.nl,1
www.santafenewmexican.com,1
www.sarasotamagazine.com,1
www.saratogian.com,1
www.sbcnews.co.uk,1
www.sbsun.com,1
www.sc.gop,1
www.sccgov.org,1
www.schools.utah.gov,1
www.sciencecodex.com,1
www.sciencedirect.com,1
www.scottishhousingnews.com,1
www.scpr.org,1
www.scribd.com,1
www.scu.edu.au,1
www.seek.com.au,1
www.sentinelandenterprise.com,1
www.sesp.northwestern.edu,1
www.sfltimes.com,1
www.sgvtribune.com,1
www.shccares.com,1
www.siouxcountydailynews.com,1
www.slfliberty.org,1
www.slj.com,1
www.slowfood.it,1
www.smartnews.com,1
www.smerconish.com,1
www.smith.edu,1
www.socialjusticegoestochurch.com,1
www.southeastsun.com,1
www.spalding.k12.ga.us,1
www.spectator.com.au,1
www.spokesman.com,1
www.sportingpost.co.za,1
www.stamptoscana.it,1
www.startsurbanfest.eu,1
www.statenews.org,1
www.statepress.com,1
www.stepchange.org,1
www.stern.de,1
www.stjameswabash.org,1
www.stonybrook.edu,1
www.str.org,1
www.stswithins.org,1
www.stthomastimesjournal.com,1
www.studentnewsdaily.com,1
www.stylise.it,1
www.summerbreakspot.org,1
www.sunnking.com,1
www.superiortelegram.com,1
www.supportjeffcokids.org,1
www.surveymonkey.co.uk,1
www.sviluppoecrescitacrt.it,1
www.tabletmag.com,1
www.takeoffproject.it,1
www.tallahassee.com,1
www.tarijaturismo.com,1
www.tasb.org,1
www.teachforamerica.org,1
www.teatrostabiletorino.it,1
www.techlearning.com,1
www.technocracy.news,1
www.telemundo47.com,1
www.telemundonuevainglaterra.com,1
www.telenicosia.it,1
www.tempe.gov,1
www.termedia.pl,1
www.tfp.org,1
www.the-sun.com,1
www.thebalance.com,1
www.thecentersquare.com,1
www.thecollegefix.com,1
www.thedrive.com,1
www.theflipside.io,1
www.thejc.com,1
www.thelondoneconomic.com,1
www.thelovefridge.com,1
www.themattlockeshow.com,1
www.thenewreformationbook.com,1
www.thenews-messenger.com,1
www.theologymom.com,1
www.theonion.com,1
www.therecordherald.com,1
www.theregister.co.uk,1
www.theregreview.org,1
www.theskimm.com,1
www.thesudburystar.com,1
www.thetentacle.com,1
www.theverge.com,1
www.tieonline.com,1
www.timesfreepress.com,1
www.timesonline.com,1
www.timesrecordnews.com,1
www.tkc.edu,1
www.tnledger.com,1
www.toledo.oh.gov,1
www.tommaseo.edu.it,1
www.tomorrowsworld.org,1
www.tomsguide.fr,1
www.torinoclick.it,1
www.torinofilmfest.org,1
www.tptoriginals.org,1
www.tribunasalamanca.com,1
www.triplepundit.com,1
www.troyrecord.com,1
www.trussvilletribune.com,1
www.truthandaction.org,1
www.tucsonaz.gov,1
www.tugspotters.com,1
www.twincities.com,1
www.ubspectrum.com,1
www.ubt.com,1
www.ufficiostampa.provincia.tn.it,1
www.unidosus.org,1
www.unitedspinal.org,1
www.unkochmycampus.org,1
www.utusan.com.my,1
www.vaildaily.com,1
www.vallejopoa.org,1
www.vandaliaradio.com,1
www.venaria24.it,1
www.vercellinotizie.it,1
www.vivienna.it,1
www.vubblepop.com,1
www.waer.org,1
www.washingtonblade.com,1
www.washingtonea.org,1
www.waynedupree.com,1
www.wbal.com,1
www.wbrc.com,1
www.wclo.com,1
www.wdsu.com,1
www.wearecentralpa.com,1
www.wearegreenbay.com,1
www.wemu.org,1
www.westhartfordct.gov,1
www.wfsb.com,1
www.wgal.com,1
www.wgauradio.com,1
www.wgbh.org,1
www.whas11.com,1
www.whittierdailynews.com,1
www.winred.com,1
www.wjbf.com,1
www.wjcl.com,1
www.wjfw.com,1
www.wknofm.org,1
www.wkyufm.org,1
www.wlox.com,1
www.wlrn.org,1
www.wonkette.com,1
www.woodtv.com,1
www.workwithus.se,1
www.wptv.com,1
www.wrvo.org,1
www.wsbtv.com,1
www.wtap.com,1
www.wtkr.com,1
www.wtnh.com,1
www.wunc.org,1
www.wusa9.com,1
www.wwaytv3.com,1
www.wxii12.com,1
www.yachtsandyachting.com,1
www.yakimaherald.com,1
www.yourtango.com,1
www.zanesvilletimesrecorder.com,1
www.zeit.de,1
www.zionumcwhitehouse.org,1
www2.ed.gov,1
yes.peoplerpeople.website,1
yop.l-frii.com,1
youreadygrandma.com,1
yup.com,1
zmianynaziemi.pl,1
zoom.us,1
zwiftinsider.com,1
